abbreviation	exposition	time span
gsector	"Industry or sector classified by the Global Industry Classification Standard, GICS"	
LAS	The logarithm of the total assets value	quarterly
LCF	The logarithm of the cash flow value 	quarterly
SIZE	The logarithm of the market value	quarterly
bm	Book/Market	monthly
pe-op	Price/Operating earnings	monthly
ps	Price/Sale ratio	monthly
npm	Net profit margin	monthly
opmad	Operating profit margin after depreciation 	monthly
gpm	Gross Profit margin 	monthly
ptpm	Pre-tax profit margin 	monthly
cfm	Cash flow margin	monthly
roa	Return on assets 	monthly
gprof	Gross profit/Total assets 	monthly
cash-lt	Cash balance/Total Liabilities 	monthly
debt-ebitda	Total debt/Ebitda 	monthly
cash-debt	Cash Flow/Total Debt 	monthly
it-ppent	Total liabilities/Total tangible assets 	monthly
at-turn	Asset turnover 	monthly
rect-turn	Receivables turnover 	monthly
pay-turn	Payables turnover 	monthly
ptb	Price/Book 	monthly